name	location	gs_pubs	gs_hindex	gs_i10index	gs_citations
Gail-Joon Ahn	Arizona State University	253	39	94	5704
Robert K. Atkinson	Arizona State University	72	21	28	3255
Chitta Baral	Arizona State University	302	34	86	6253
Rida A. Bazzi	Arizona State University	61	16	23	821
Winslow S. Burleson	Arizona State University	124	22	36	2210
Yi Chen	Arizona State University	3000	67	643	26755
Hasan Davulcu	Arizona State University	107	18	25	1304
Sandeep K. S. Gupta	Arizona State University	296	46	118	7101
Dijiang Huang	Arizona State University	224	27	54	2343
Subbarao Kambhampati	Arizona State University	323	43	135	6854
Joohyung Lee	Arizona State University	70	20	32	1680
Brian C. Nelson	Arizona State University	72	19	26	1512
Hessam S. Sarjoughian	Arizona State University	187	24	65	1978
Aviral Shrivastava	Arizona State University	136	20	47	1226
Kurt A. VanLehn	Arizona State University	315	55	150	13807
Yalin Wang	Arizona State University	2971	42	385	16014
Jieping Ye	Arizona State University	225	47	115	7158
Yong Chen	Texas Tech University	125	17	25	902
Larry Don Pyeatt	Texas Tech University	51	9	9	653
Akbar Siami-Namin	Texas Tech University	38	7	6	440
Mohan Sridharan	Texas Tech University	110	13	18	754
Sanjeev Baskiyar	Auburn University	39	9	9	307
James Cross	Auburn University	62	14	17	2750
Munawar Hafiz	Auburn University	48	14	15	463
Wei-Shinn Ku	Auburn University	110	21	43	1336
Xiao Qin	Auburn University	708	30	120	4058
Levent Yilmaz	Auburn University	279	16	32	1031
Weikuan Yu	Auburn University	240	21	43	2098
Yury Makarychev	Toyota Technological Institute at Chicago	44	17	25	990
Gregory Shakhnarovich	Toyota Technological Institute at Chicago	61	22	25	3459
Madhur Tulsiani	Toyota Technological Institute at Chicago	40	14	17	722
Jinbo Xu	Toyota Technological Institute at Chicago	130	25	45	2367
Jonathan Appavoo	Boston University	66	19	25	1552
Azer Bestavros	Boston University	358	50	132	15380
John Byers	Boston University	149	39	61	9124
Mark E. Crovella	Boston University	207	58	102	21879
Sharon Goldberg	Boston University	38	14	16	567
George Kollios	Boston University	130	38	58	6489
Ibrahim Matta	Boston University	229	35	77	6581
Leonid Reyzin	Boston University	89	29	47	5084
Stan Sclaroff	Boston University	246	53	114	13307
Hongwei Xi	Boston University	114	23	33	2550
Norman Ramsey	Tufts University	106	20	36	1883
Benjamin Hescott	Tufts University	18	6	1	72
Remco Chang	Tufts University	111	19	24	1048
Lenore Jennifer Cowen	Tufts University	95	22	38	1843
Samuel Z. Guyer	Tufts University	66	17	23	1802
Soha Hassoun	Tufts University	90	16	28	1658
Pengyu Hong	Brandeis University	69	19	29	1654
Olga Papaemmanouil	Brandeis University	32	10	10	392
Nianwen Xue	Brandeis University	106	23	36	2984
Jason Cong	UCLA	142	64	113	11415
Milos Ercegovac	UCLA	320	35	102	5576
Eleazar Eskin	UCLA	228	52	108	14767
Deborah Estrin	UCLA	678	112	301	93147
Richard Korf	UCLA	179	45	89	9029
Songwu Lu	UCLA	1062	61	237	22993
Rupak Majumdar	UCLA	286	47	102	8991
Adam Meyerson	UCLA	91	27	43	4769
Glenn Reinman	UCLA	120	27	55	2406
Majid Sarrafzadeh	UCLA	616	52	210	10038
Stefano Soatto	UCLA	327	55	136	11955
Zhuowen Tu	UCLA	86	36	62	6087
Jennifer Vaughan	UCLA	50	21	29	1516
Song Chun Zhu	UCLA	196	46	108	11377
Michael A. Goodrich	Brigham Young University	214	35	82	5298
Charles D. Knutson	Brigham Young University	99	13	21	696
Thomas W. Sederberg	Brigham Young University	150	46	82	10567
Quinn Snell	Brigham Young University	111	15	22	1459
Daniel M. A. Zappala	Brigham Young University	63	21	25	3655
Bjorn Hartmann	UC Berkeley	111	28	47	3275
David Culler	UC Berkeley	474	111	251	76230
David Wagner	UC Berkeley	271	70	154	30232
Dawn Song	UC Berkeley	285	75	167	29997
George Necula	UC Berkeley	109	35	52	9539
Jitendra Malik	UC Berkeley	380	89	189	70437
John Kubiatowicz	UC Berkeley	176	51	91	21104
John Canny	UC Berkeley	299	65	156	38994
Katherine Yelick	UC Berkeley	295	49	127	12981
Ken Goldberg	UC Berkeley	390	49	160	9707
Lior Pachter	UC Berkeley	158	50	101	32976
Michael Jordan	UC Berkeley	753	123	374	89780
Pieter Abbeel	UC Berkeley	217	34	64	5193
Randy Katz	UC Berkeley	582	104	273	56209
Rastislav Bodik	UC Berkeley	143	34	49	7098
Ravi Ramamoorthi	UC Berkeley	141	42	78	6649
Amy Greenwald	Brown University	129	26	41	2616
Maurice Herlihy	Brown University	361	56	151	19843
Shriram Krishnamurthi	Brown University	273	43	88	6154
David H. Laidlaw	Brown University	310	42	94	6776
Anna Lysyanskaya	Brown University	85	33	48	6722
Ben Raphael	Brown University	114	29	53	7159
Steven Reiss	Brown University	111	42	74	11609
Erik Sudderth	Brown University	85	25	40	3174
Roberto Tamassia	Brown University	437	62	208	29039
Nina Amenta	UC Davis	94	30	47	6396
Matthew Bishop	UC Davis	363	38	111	8405
Hao Chen	UC Davis	3000	40	430	17244
Raissa D'Souza	UC Davis	71	20	34	1756
Matthew Franklin	UC Davis	135	37	69	14166
Dipak Ghosal	UC Davis	194	26	65	6703
Todd J. Green	UC Davis	57	21	29	2214
Daniel M. Gusfield	UC Davis	184	41	82	11715
Bernd Hamann	UC Davis	492	45	142	7549
Prasant Mohapatra	UC Davis	419	45	155	8300
Biswanath Mukherjee	UC Davis	787	79	303	37777
Phillip W. Rogaway	UC Davis	207	63	105	23422
Zhendong Su	UC Davis	113	34	55	4935
Ilias Tagkopoulos	UC Davis	50	11	12	494
S. Felix Wu	UC Davis	206	38	81	4410
Jonathan Aldrich	Carnegie Mellon University	191	30	54	3776
David G. Andersen	Carnegie Mellon University	145	38	72	8646
John Anderson	Carnegie Mellon University	3000	129	638	116807
Randal Bryant	Carnegie Mellon University	312	51	121	23065
Albert Corbett	Carnegie Mellon University	138	44	80	9003
Alexei Efros	Carnegie Mellon University	96	42	58	15406
Christos Faloutsos	Carnegie Mellon University	775	101	351	54972
Jodi Forlizzi	Carnegie Mellon University	210	45	101	8234
Venkatesan Guruswami	Carnegie Mellon University	229	36	103	5746
Jason Hong	Carnegie Mellon University	246	55	102	12475
Bonnie John	Carnegie Mellon University	200	41	95	6283
Matthew Kam	Carnegie Mellon University	62	17	21	1265
Robert Kass	Carnegie Mellon University	232	43	95	17870
Aniket Kittur	Carnegie Mellon University	83	27	40	4761
Roberta Klatzky	Carnegie Mellon University	424	68	198	16027
Robert Kraut	Carnegie Mellon University	288	87	182	30749
Tai-Sing Lee	Carnegie Mellon University	117	24	40	6719
Jennifer Mankoff	Carnegie Mellon University	150	35	75	4622
Tom Mitchell	Carnegie Mellon University	392	69	160	32099
Todd Mowry	Carnegie Mellon University	144	39	73	6772
Robert Murphy	Carnegie Mellon University	296	47	129	12940
Onur Mutlu	Carnegie Mellon University	248	45	115	8098
Ryan O'Donnell	Carnegie Mellon University	91	30	46	2665
Eric Paulos	Carnegie Mellon University	125	28	56	3058
Carolyn Rose	Carnegie Mellon University	317	35	109	5097
Tuomas Sandholm	Carnegie Mellon University	396	67	185	17329
Srinivasan Seshan	Carnegie Mellon University	212	57	105	16660
Mary Shaw	Carnegie Mellon University	344	49	108	16958
Noah Smith	Carnegie Mellon University	207	45	111	7031
Maria Veloso	Carnegie Mellon University	764	69	313	22368
Elaheh Bozorgzadeh	UC Irvine	8	6	4	120
Nikil Dutt	UC Irvine	671	56	249	13557
Charless Fowlkes	UC Irvine	96	34	45	9821
Michael Goodrich	UC Irvine	356	55	166	10059
Alexander Ihler	UC Irvine	98	23	41	2974
Stanislaw Jarecki	UC Irvine	69	30	45	4186
Aditi Majumder	UC Irvine	115	23	38	1752
Gopi Meenakshisundaram	UC Irvine	78	18	25	1145
Eric Mjolsness	UC Irvine	224	34	71	7209
Padhraic Smyth	UC Irvine	363	66	157	33505
Harry Xu	UC Irvine	41	17	22	738
Robert Haralick	CUNY Graduate Center	777	66	285	45647
Neal E. Young	UC Riverside	72	33	45	3867
Frank N. Vahid	UC Riverside	255	49	129	7892
Vassilis J. Tsotras	UC Riverside	213	42	71	5715
Tamar T. Shinar	UC Riverside	15	7	7	534
Christian R. Shelton	UC Riverside	72	24	36	2120
Stefano Lonardi	UC Riverside	115	34	70	7423
Eamonn Keogh	UC Riverside	262	67	132	19526
Tao Jiang	UC Riverside	3118	82	731	36762
Vagelis Hristidis	UC Riverside	109	29	45	4919
Rajiv Gupta	UC Riverside	282	52	176	9435
Michalis Faloutsos	UC Riverside	244	52	115	15865
Gianfranco Ciardo	UC Riverside	158	42	87	6265
Philip Brisk	UC Riverside	128	18	36	1178
Tracey Ho	California Institute of Technology	176	33	71	8009
Andreas Krause	California Institute of Technology	145	43	77	7314
Katrina Ligett	California Institute of Technology	44	13	17	1122
Peter Schroder	California Institute of Technology	122	56	87	17251
Chris Umans	California Institute of Technology	55	22	32	1925
Adam Wierman	California Institute of Technology	78	29	50	2958
Erik Winfree	California Institute of Technology	95	49	75	12738
Kamalika Chaudhuri	UC San Diego	47	21	27	1830
Garrison Cottrell	UC San Diego	244	45	105	10439
William Griswold	UC San Diego	221	39	97	12818
Ryan Kastner	UC San Diego	221	29	83	3375
David Kriegman	UC San Diego	241	53	124	29478
Daniele Micciancio	UC San Diego	80	38	51	6435
Yannis Papakonstantinou	UC San Diego	165	47	68	12629
Michael Taylor	UC San Diego	70	22	30	4018
Amin Vahdat	UC San Diego	318	71	149	24558
Samuel Buss	UC San Diego	125	34	73	4684
Sonia Chiasson	Carleton University	70	18	24	1945
Michel Dumontier	Carleton University	167	26	51	2342
Pat Morin	Carleton University	159	26	46	4067
Anil Somayaji	Carleton University	59	19	26	6733
Divyakant Agrawal	UC Santa Barbara	594	68	245	16406
Tevfik Bultan	UC Santa Barbara	165	36	78	4548
Peter Cappello	UC Santa Barbara	123	25	42	2114
John Gilbert	UC Santa Barbara	152	43	77	6955
Teofilo Gonzalez	UC Santa Barbara	156	21	36	5027
Tobias Hollerer	UC Santa Barbara	258	36	85	5567
Yuan-Fang Wang	UC Santa Barbara	3000	33	585	18649
Xifeng Yan	UC Santa Barbara	3000	44	244	16810
Ben Y. Zhao	UC Santa Barbara	342	51	107	20125
Heather Zheng	UC Santa Barbara	308	41	107	7160
Michael Branicky	Case Western Reserve University	129	37	70	13494
Mehmet Koyuturk	Case Western Reserve University	70	21	31	1709
Michael Lewicki	Case Western Reserve University	80	27	36	6264
Scott A. Brandt	UC Santa Cruz	215	38	81	5518
James Davis	UC Santa Cruz	102	30	47	7504
Luca de Alfaro	UC Santa Cruz	141	41	73	7465
Cormac Flanagan	UC Santa Cruz	142	44	82	8834
Darrell Long	UC Santa Cruz	294	46	135	9497
Ethan L. Miller	UC Santa Cruz	269	40	99	6728
Neoklis Polyzotis	UC Santa Cruz	112	28	59	2632
Wang-Chiew Tan	UC Santa Cruz	107	35	53	6262
Erion Plaku	Catholic University of America	59	17	19	948
Pedro Felzenszwalb	University of Chicago	56	28	32	14714
John Goldsmith	University of Chicago	165	33	62	8755
Gordon Kindlmann	University of Chicago	92	34	48	5118
Imre Kondor	University of Chicago	80	22	38	2024
Anne Rogers	University of Chicago	60	22	30	2282
L. Ridgway Scott	University of Chicago	263	43	88	12780
Samir Chatterjee	Claremont Graduate University	133	18	27	2889
Gondy Leroy	Claremont Graduate University	140	19	31	1427
Lorne Olfman	Claremont Graduate University	184	31	66	4045
Eyal Amir	University of Illinois, Urbana Champaign	130	24	47	2109
Brian Bailey	University of Illinois, Urbana Champaign	145	33	54	3863
Matthew Caesar	University of Illinois, Urbana Champaign	133	24	40	3708
Jeff Erickson	University of Illinois, Urbana Champaign	101	31	52	3508
William Gropp	University of Illinois, Urbana Champaign	562	63	216	30617
Indranil Gupta	University of Illinois, Urbana Champaign	196	31	65	3631
Anil Hirani	University of Illinois, Urbana Champaign	46	16	23	1626
Laxmikant Kale	University of Illinois, Urbana Champaign	488	47	192	17717
Darko Marinov	University of Illinois, Urbana Champaign	141	30	66	4694
Dan Roth	University of Illinois, Urbana Champaign	408	55	180	13575
Marianne Winslett	University of Illinois, Urbana Champaign	346	43	111	7094
Christino Tamon	Clarkson University	67	16	23	871
Emery Berger	University of Massachusetts, Amherst	65	26	33	2906
Oliver Brock	University of Massachusetts, Amherst	204	29	46	3116
Yanlei Diao	University of Massachusetts, Amherst	70	24	33	3969
Kevin Fu	University of Massachusetts, Amherst	104	26	44	4518
James Kurosep	University of Massachusetts, Amherst	581	85	241	34111
Erik Learned-Miller	University of Massachusetts, Amherst	112	29	58	4596
Brian Levine	University of Massachusetts, Amherst	114	46	70	13393
Sridhar Mahadevan	University of Massachusetts, Amherst	174	36	81	5824
Gerome Miklau	University of Massachusetts, Amherst	65	22	29	3760
Hava Siegelmann	University of Massachusetts, Amherst	186	25	55	5066
Yannis Smaragdakis	University of Massachusetts, Amherst	186	33	64	4596
Arun Venkataramani	University of Massachusetts, Amherst	84	30	38	6407
Shlomo Zilberstein	University of Massachusetts, Amherst	255	43	107	7898
Sabarish V. Babu	Clemson University	57	11	11	377
Juan E.  Gilbert	Clemson University	180	13	20	850
Mark Smotherman	Clemson University	51	16	20	923
Damon L. Woodard	Clemson University	49	17	22	970
Bo Sheng	University of Massachusetts, Boston	59	21	26	1684
Qun Li	College of William and Mary	114	36	54	5103
Denys Poshyvanyk	College of William and Mary	146	35	73	3868
Xipeng Shen	College of William and Mary	741	28	75	4221
Andreas Stathopoulos	College of William and Mary	73	17	23	1271
Gang Zhou	College of William and Mary	53	24	35	4695
Fred G. Martin	University of Massachusetts, Lowell	113	26	40	3011
Guanling Chen	University of Massachusetts, Lowell	46	21	29	4039
Georges G. Grinstein	University of Massachusetts, Lowell	237	29	63	4015
Haim Levkowitz	University of Massachusetts, Lowell	109	19	25	2046
Benyuan Liu	University of Massachusetts, Lowell	128	26	43	3938
Kenneth M. Anderson	University of Colorado, Boulder	213	29	59	3464
Elizabeth Bradley	University of Colorado, Boulder	165	16	28	1005
Bor-Yuh Evan Chang	University of Colorado, Boulder	61	14	19	1299
Aaron Clauset	University of Colorado, Boulder	69	22	31	9961
Debra S. Goldberg	University of Colorado, Boulder	41	13	16	8145
Dirk C. Grunwald	University of Colorado, Boulder	340	50	117	10601
Richard Y. Han	University of Colorado, Boulder	155	38	65	7828
Qin (Christine) Lv	University of Colorado, Boulder	78	16	22	3750
James H. Martin	University of Colorado, Boulder	135	33	63	9848
Leysia A. Palen	University of Colorado, Boulder	113	43	62	8561
Sriram Sankaranarayanan	University of Colorado, Boulder	125	27	51	2360
Katie A. Siek	University of Colorado, Boulder	90	16	22	751
Prasun Dewan	University of North Carolina, Chapel Hill	149	27	50	3010
Jasleen Kaur	University of North Carolina, Chapel Hill	29	12	13	487
Svetlana Lazebnik	University of North Carolina, Chapel Hill	74	30	47	11427
Marc Niethammer	University of North Carolina, Chapel Hill	159	26	59	2285
Jan Prins	University of North Carolina, Chapel Hill	153	35	67	6406
Wei Wang	University of North Carolina, Chapel Hill	3000	46	317	16742
Tracy Camp	Colorado School of Mines	133	26	42	9902
Qi Han	Colorado School of Mines	282	18	38	1548
Zizhong Chen	Colorado School of Mines	2482	43	307	11313
Andrzej Szymczak	Colorado School of Mines	55	21	33	1480
Srinivas Akella	University of North Carolina, Charlotte	72	20	27	1409
Jamie Payton	University of North Carolina, Charlotte	69	13	16	460
Min C. Shin	University of North Carolina, Charlotte	17	12	13	882
Richard Souvenir	University of North Carolina, Charlotte	51	11	12	486
Wensheng Wu	University of North Carolina, Charlotte	2713	39	251	9142
Jing Yang	University of North Carolina, Charlotte	46	19	27	1210
Charles W. Anderson	Colorado State University	223	33	61	5286
J. Ross Beveridge	Colorado State University	167	35	69	4558
Sudipto Ghosh	Colorado State University	167	29	51	3059
Yashwant K. Malaiya	Colorado State University	232	31	72	3518
Daniel F. Massey	Colorado State University	186	32	61	5337
Shrideep Pallickara	Colorado State University	181	22	55	2134
Christos Papadopoulos	Colorado State University	121	23	42	2966
Sanjay Rajopadhye	Colorado State University	197	25	69	2482
Michelle Mills Strout	Colorado State University	80	15	20	892
L. Darrell Whitley	Colorado State University	360	56	155	17866
Sudeep Pasricha	Colorado State University	131	22	40	1755
H. J. Siegel	Colorado State University	628	55	208	14571
Norman Badler	University of Pennsylvania	502	62	165	14859
Susan Davidson	University of Pennsylvania	208	42	83	7578
Jean Gallier	University of Pennsylvania	203	30	49	4901
Insup Lee	University of Pennsylvania	3000	51	431	16685
Boon Thau Loo	University of Pennsylvania	179	27	63	4956
Milo Martin	University of Pennsylvania	71	32	47	4872
Ani Nenkova	University of Pennsylvania	106	32	56	3491
Amir Roth	University of Pennsylvania	46	20	27	1726
Jianbo Shi	University of Pennsylvania	2368	35	74	26828
Ben Taskar	University of Pennsylvania	181	44	77	9869
Steve Zdancewic	University of Pennsylvania	117	36	51	4007
Peter Belhumeur	Columbia University	164	53	80	24122
Shih-Fu Chang	Columbia University	782	87	362	33165
Michael Collins	Columbia University	77	47	65	15797
Luis Gravano	Columbia University	125	49	84	10830
Tony Jebara	Columbia University	180	38	66	6905
Gail Kaiser	Columbia University	412	46	141	8056
Angelos Keromytis	Columbia University	428	55	156	11963
Tal Malkin	Columbia University	85	34	47	3788
Kathleen McKeown	Columbia University	37	0	0	0
Vishal Misra	Columbia University	172	41	76	9635
Shree Nayar	Columbia University	382	98	215	32213
Steven Nowick	Columbia University	131	35	69	3839
Junfeng Yang	Columbia University	46	19	23	1993
Vassilis Athitsos	University of Texas, Arlington	123	31	51	4437
Christoph Csallner	University of Texas, Arlington	43	13	16	1167
Sajal K. Das	University of Texas, Arlington	1110	68	329	18998
Gautam Das	University of Texas, Arlington	278	43	98	7789
Junzhou Huang	University of Texas, Arlington	100	23	34	2372
Jeff (Yu) Lei	University of Texas, Arlington	83	22	37	2071
Chengkai Li	University of Texas, Arlington	61	16	21	1442
Matthew Wright	University of Texas, Arlington	77	14	24	1820
Thomas Fevens	Concordia University, Montreal	76	15	26	757
Leila Kosseim	Concordia University, Montreal	102	15	23	742
Juergen Rilling	Concordia University, Montreal	124	20	44	1296
Lorenzo Alvisi	University of Texas, Austin	167	40	70	8113
Chandrajit Bajaj	University of Texas, Austin	591	60	201	12923
Dana Ballard	University of Texas, Austin	393	59	147	28596
William Cook	University of Texas, Austin	120	30	41	5565
Inderjit Dhillon	University of Texas, Austin	268	55	118	16948
Mohamed Gouda	University of Texas, Austin	381	48	127	9931
Kristen Grauman	University of Texas, Austin	149	45	73	7591
Simon S. Lam	University of Texas, Austin	226	48	122	10891
Risto Miikkulainen	University of Texas, Austin	425	53	178	12304
Raymond Mooney	University of Texas, Austin	336	68	186	21527
Gordon Novak	University of Texas, Austin	82	15	16	669
William Press	University of Texas, Austin	424	67	174	143212
Vijaya Ramachandran	University of Texas, Austin	184	36	82	4799
Peter Stone	University of Texas, Austin	545	62	240	14715
Robert Van de Geijn	University of Texas, Austin	287	47	105	6685
Brent Waters	University of Texas, Austin	132	57	95	20694
Yin Zhang	University of Texas, Austin	3000	59	498	24489
David Zuckerman	University of Texas, Austin	58	31	47	4991
Jun-Hong Cui	University of Connecticut	1139	47	179	9155
Steven Demurjian	University of Connecticut	162	18	40	1161
Robert McCartney	University of Connecticut	167	20	35	1549
Ion Mandoiu	University of Connecticut	174	23	45	1825
Laurent Michel	University of Connecticut	185	25	56	2952
Sanguthevar Rajasekaran	University of Connecticut	449	31	93	4339
Alexander Russell	University of Connecticut	187	26	61	2473
Kendra M. L. Cooper	University of Texas, Dallas	157	17	31	1137
Vibhav Gogate	University of Texas, Dallas	58	15	18	758
Xiaohu Guo	University of Texas, Dallas	22	5	5	134
Gopal Gupta	University of Texas, Dallas	273	27	76	2697
Sanda Maria Harabagiu	University of Texas, Dallas	179	38	82	5538
Murat Kantarcioglu	University of Texas, Dallas	231	35	73	5160
Latifur Khan	University of Texas, Dallas	330	35	96	4300
Zhiqiang Lin	University of Texas, Dallas	59	14	20	921
Yang Liu	University of Texas, Dallas	563	37	168	6088
Vincent Ng	University of Texas, Dallas	96	24	42	2869
Ravi Prakash	University of Texas, Dallas	262	35	76	7257
Yuke Wang	University of Texas, Dallas	3000	88	1421	60103
David Bindel	Cornell University	79	18	25	3929
Claire Cardie	Cornell University	179	45	90	10243
Dan Cosley	Cornell University	91	29	45	4889
Eric Friedman	Cornell University	110	24	36	7544
W. Kent Fuchs	Cornell University	248	39	99	4826
Francois Guimbretiere	Cornell University	77	27	38	3448
Doug James	Cornell University	56	28	39	3783
Hadas Kress-Gazit	Cornell University	58	16	23	1300
Steve Marschner	Cornell University	89	26	44	5237
Fred Schneider	Cornell University	388	57	114	17889
Phoebe Sengers	Cornell University	113	32	58	4299
Adam Siepel	Cornell University	115	41	69	16020
Christopher Kiekintveld	University of Texas, El Paso	95	23	34	1764
J. Blustein	Dalhousie University	59	10	10	345
Kirstie Hawkey	Dalhousie University	112	21	36	1142
Meng He	Dalhousie University	31	10	10	421
Andrew Rau-Chaplin	Dalhousie University	150	21	41	1593
Anatoliy Gruzd	Dalhousie University	81	14	18	898
Raymond Klein	Dalhousie University	408	56	168	14887
Peter Selinger	Dalhousie University	58	21	31	1780
Rajendra V. Boppana	University of Texas, San Antonio	97	21	38	2373
Tom Bylander	University of Texas, San Antonio	75	23	37	3011
Daniel A. Jimenez	University of Texas, San Antonio	82	18	29	1604
Turgay Korkmaz	University of Texas, San Antonio	92	18	24	1956
Jianwei Niu	University of Texas, San Antonio	34	12	15	532
John P. Quarles	University of Texas, San Antonio	59	8	7	139
Steven Robbins	University of Texas, San Antonio	61	11	14	415
Jianhua Ruan	University of Texas, San Antonio	83	16	21	1431
Ravi Sandhu	University of Texas, San Antonio	500	69	206	30369
Qi Tian	University of Texas, San Antonio	383	36	113	4949
Ali Saman Tosun	University of Texas, San Antonio	59	13	16	696
Jeffery von Ronne	University of Texas, San Antonio	37	9	9	435
Qing Yi	University of Texas, San Antonio	57	16	18	631
Weining Zhang	University of Texas, San Antonio	3000	36	269	11117
Dakai Zhu	University of Texas, San Antonio	70	20	33	1869
Amit Chakrabarti	Dartmouth College	58	20	25	1430
Hany Farid	Dartmouth College	148	47	86	9508
Gevorg Grigoryan	Dartmouth College	45	16	19	914
Prasad Jayanti	Dartmouth College	56	16	20	842
David F. Kotz	Dartmouth College	284	61	141	14974
Lorenzo Torresani	Dartmouth College	62	20	26	2179
James Cohoon	University of Virginia	156	24	42	2706
David Evans	University of Virginia	105	33	57	7266
Sudhanva Gurumurthi	University of Virginia	96	22	35	2123
Marty Humphrey	University of Virginia	169	36	80	4303
Jason Lawrence	University of Virginia	44	20	23	1118
Mary Lou Soffa	University of Virginia	255	47	125	8316
Gabriel Robins	University of Virginia	167	38	71	5635
Kevin Skadron	University of Virginia	303	54	130	12421
Sang Son	University of Virginia	506	49	171	10862
Westley Weimer	University of Virginia	101	34	59	8010
Kamin Whitehouse	University of Virginia	125	32	45	5306
Peter Mark Hastings	DePaul University	88	24	33	2646
Ljubomir Perkovic	DePaul University	45	11	13	433
Alexander Rasin	DePaul University	12	7	7	155
James Riely	DePaul University	64	17	25	1724
Marcus Schaefer	DePaul University	73	18	28	970
Adam Steele	DePaul University	41	7	6	134
Aditya Akell	University of Wisconsin, Madison	182	34	62	5274
Andrea Arpaci-Dusseau	University of Wisconsin, Madison	172	44	80	7721
Remzi Arpaci-Dusseau	University of Wisconsin, Madison	206	44	83	7903
Suman Banerjee	University of Wisconsin, Madison	39	7	6	257
Paul Barford	University of Wisconsin, Madison	155	36	76	9003
Jin-Yi Cai	University of Wisconsin, Madison	315	36	103	4682
Shuchi Chawla	University of Wisconsin, Madison	74	24	29	3298
AnHai Doan	University of Wisconsin, Madison	143	46	77	9901
Charles Dyer	University of Wisconsin, Madison	287	44	94	10072
Michael Gleicher	University of Wisconsin, Madison	168	42	79	9342
Somesh Jha	University of Wisconsin, Madison	457	63	170	18492
Bilge Mutlu	University of Wisconsin, Madison	97	20	31	1435
Ben Recht	University of Wisconsin, Madison	83	34	48	7537
Thomas Reps	University of Wisconsin, Madison	337	68	155	17901
Tom Ristenpart	University of Wisconsin, Madison	57	23	34	3142
Karthikeyan Sankaralingam	University of Wisconsin, Madison	120	27	43	3299
Jude Shavlik	University of Wisconsin, Madison	360	47	122	9916
Michael Swift	University of Wisconsin, Madison	38	16	18	845
Li Zhang	University of Wisconsin, Madison	3000	52	501	22396
Xiaojin Zhu	University of Wisconsin, Madison	409	38	79	10470
Rachel Greenstadt	Drexel University	73	16	21	816
Spiros Mancoridis	Drexel University	118	23	41	2741
Dario D. Salvucci	Drexel University	110	34	53	4796
Giuseppe (Peppo) Valetto	Drexel University	84	19	29	1123
Moshe Kam	Drexel University	272	24	60	2807
Letha Etzkorn	University of Alabama, Huntsville	105	23	39	2560
Owen Astrachan	Duke University	95	18	29	1102
Vincent Conitzer	Duke University	235	43	105	6149
Alvin Labeck	Duke University	113	34	56	5458
Ronald Parr	Duke University	77	35	45	5975
John Reif	Duke University	518	65	210	17450
Susan Rodger	Duke University	87	23	30	1842
Carlo Tomasi	Duke University	180	45	87	27520
Jeffrey Carver	University of Alabama, Tuscaloosa	169	24	48	2349
Nicholas A. Kraft	University of Alabama, Tuscaloosa	60	14	18	635
Allen Parrish	University of Alabama, Tuscaloosa	97	12	14	627
Eugene Syriani	University of Alabama, Tuscaloosa	59	13	15	418
Yang Xiao	University of Alabama, Tuscaloosa	618	56	236	12942
Mihaela Cardei	Florida Atlantic University	91	29	45	5347
Hari Kalva	Florida Atlantic University	220	26	57	1886
Oge Marques	Florida Atlantic University	162	19	35	1403
Hanqi Zhuang	Florida Atlantic University	199	30	54	3320
Denilson Barbosa	University of Alberta	71	17	24	1070
Anup Basu	University of Alberta	271	25	77	2842
Michael Bowling	University of Alberta	131	37	74	4090
Vadim Bulitko	University of Alberta	149	19	43	1356
Randy Goebel	University of Alberta	224	22	40	2514
Abram Hindle	University of Alberta	110	19	31	1087
Davood Rafiei	University of Alberta	40	13	14	1435
Nilanjan Ray	University of Alberta	90	18	29	1331
Mohammad Salavatipour	University of Alberta	66	18	28	1395
Jonathan Schaeffer	University of Alberta	401	51	160	8771
Dale Schuurmans	University of Alberta	235	38	85	5108
David Wishart	University of Alberta	360	75	201	31006
William Allen	Florida Institute of Technology	47	8	6	263
Philip K. Chan	Florida Institute of Technology	137	39	62	8725
Liam M. Mayron	Florida Institute of Technology	43	8	6	230
Scott Tilley	Florida Institute of Technology	225	28	63	3327
Gregory Andrews	University of Arizona	102	23	36	4749
John Hartman	University of Arizona	74	20	36	3215
John Kececioglu	University of Arizona	58	24	29	2941
Stephen Kobourov	University of Arizona	206	35	81	3504
David Lowenthal	University of Arizona	103	24	38	2136
Richard Snodgrass	University of Arizona	370	54	138	13332
Beichuan Zhang	University of Arizona	460	32	51	4355
Xudong He	Florida International University	3000	17	39	4022
Giri Narasimhan	Florida International University	184	24	52	2775
Peter J. Clarke	Florida International University	101	14	19	621
Tao Li	Florida International University	221	47	130	7861
Jason Liu	Florida International University	72	24	39	2154
Raju Rangaswami	Florida International University	62	19	32	1190
Bogdan Carbunar	Florida International University	100	19	30	1405
Jinpeng Wei	Florida International University	46	8	8	405
Ming Zhap	Florida International University	88	16	23	1281
Nilanjan Banerjee	University of Arkansas, Fayetteville	48	17	21	1260
Susan Gauch	University of Arkansas, Fayetteville	118	29	51	4439
Miaoqing Huang	University of Arkansas, Fayetteville	398	12	15	748
Dale R. Thompson	University of Arkansas, Fayetteville	54	9	8	305
Sudhir Aggarwal	Florida State University	102	18	30	1234
Theodore P. Baker	Florida State University	172	31	62	5610
Zhenhai Duan	Florida State University	60	18	27	1756
Xiuwen Liu	Florida State University	145	22	45	2361
Daniel Schwartz	Florida State University	9	9	9	363
Gary Tyson	Florida State University	121	25	43	2208
An-I Andy Wang	Florida State University	50	14	19	948
David Whalley	Florida State University	139	34	70	4990
Xin Yuan	Florida State University	98	26	47	2053
Zhenghao Zhang	Florida State University	46	14	18	645
Uri Ascher	University of British Columbia	171	42	90	10375
Robert Bridson	University of British Columbia	57	22	29	3451
Giuseppe Carenini	University of British Columbia	145	30	56	2404
Cristina Conati	University of British Columbia	164	34	65	4389
Anne Condon	University of British Columbia	178	38	90	5986
William Evans	University of British Columbia	73	22	32	2404
Mike Feeley	University of British Columbia	57	20	28	3334
Michael Friedlander	University of British Columbia	51	21	26	4216
Ronald Garcia	University of British Columbia	27	9	8	473
Nick Harvey	University of British Columbia	62	21	32	2169
Alan Hu	University of British Columbia	140	30	56	3337
Norm Hutchinson	University of British Columbia	123	30	50	6610
Kevin Leyton-Brown	University of British Columbia	130	34	62	7043
Jim Little	University of British Columbia	238	37	94	7398
David Lowe	University of British Columbia	106	47	81	60125
Karon MacLean	University of British Columbia	161	34	64	3174
Joanna McGrenere	University of British Columbia	96	27	37	2576
Ian Mitchell	University of British Columbia	79	22	35	3363
Tamara Munzner	University of British Columbia	142	37	67	4824
Gail Murphy	University of British Columbia	219	52	92	10132
Kevin Murphy	University of British Columbia	181	55	95	18588
Dinesh Pai	University of British Columbia	246	39	96	5838
Rachel Pottinger	University of British Columbia	51	13	18	1790
Ronald Rensink	University of British Columbia	140	31	54	9713
Michiel van de Panne	University of British Columbia	106	36	51	4206
Alan Wagner	University of British Columbia	78	16	21	700
Bob Woodham	University of British Columbia	130	19	33	3143
Mostafa Ammar	Georgia Tech	363	66	184	15355
Ronald Arkin	Georgia Tech	345	50	132	16138
David Bader	Georgia Tech	343	38	89	4734
Tucker Balch	Georgia Tech	215	37	91	9814
Amy Bruckman	Georgia Tech	190	39	81	6712
Thomas Conte	Georgia Tech	185	32	57	3271
Frank Dellaert	Georgia Tech	236	46	117	13588
Eric Gilbert	Georgia Tech	57	19	24	1679
Guy Lebanon	Georgia Tech	92	22	42	1665
Wenke Lee	Georgia Tech	241	69	136	22536
Karen Liu	Georgia Tech	41	17	23	1488
Blair MacIntyre	Georgia Tech	136	32	68	8139
Shamkant Navathe	Georgia Tech	286	50	123	21717
Haesun Park	Georgia Tech	3000	54	581	21058
Milos Prvulovic	Georgia Tech	64	21	29	2115
Prasad Raghavendra	Georgia Tech	59	22	31	1346
Mark Riedl	Georgia Tech	151	26	55	2592
Thad Starner	Georgia Tech	317	54	128	18443
Santosh Vempala	Georgia Tech	173	44	84	8750
Richard Vuduc	Georgia Tech	126	29	48	3698
Jun Xu	Georgia Tech	1002	36	78	5384
Philip W. L. Fong	University of Calgary	31	14	15	880
Marina Gavrilova	University of Calgary	214	20	42	1620
Saul Greenberg	University of Calgary	488	76	211	20847
Zongpeng Li	University of Calgary	452	24	53	3181
Payman Mohassel	University of Calgary	45	13	17	559
Anthony Tang	University of Calgary	110	18	31	1442
Mea Wang	University of Calgary	31	12	14	967
Jim X. Chen	George Mason University	2997	32	436	13629
Songqing Chen	George Mason University	126	26	46	2865
Zoran Duric	George Mason University	101	21	34	3219
Jana Kosecka	George Mason University	156	32	63	5009
Fei Li	George Mason University	53	11	13	438
Jyh-Ming Lien	George Mason University	87	21	32	1649
Jessica Lin	George Mason University	60	22	29	3564
Sam Malek	George Mason University	118	29	51	2883
Jeff Offutt	George Mason University	312	55	124	12755
Huzefa Rangwala	George Mason University	105	13	21	843
Amarda Shehu	George Mason University	115	15	25	718
Mark Snyder	George Mason University	9	2	0	17
Angelos Stavrou	George Mason University	168	24	41	1952
Harry Wechsler	George Mason University	334	46	128	12996
Chuan Yue	University of Colorado, Colorado Springs	49	9	9	319
Terrance E. Boult	University of Colorado, Colorado Springs	322	42	100	5618
Rory Lewis	University of Colorado, Colorado Springs	103	11	15	545
Michael Clarkson	George Washington University	37	11	11	1238
Timothy Wood	George Washington University	48	18	22	3366
Raheem Beyah	Georgia State University	157	18	32	1001
Anu Bourgeois	Georgia State University	77	15	21	640
Xiaolin Hu	Georgia State University	148	16	29	979
Sushil Prasad	Georgia State University	158	17	31	1094
WenZhan Song	Georgia State University	182	25	39	2133
Benjamin Carterette	University of Delaware	105	25	42	2151
John Caravazos	University of Delaware	68	19	26	1432
Keith Decker	University of Delaware	166	42	74	7535
Chandra Kambhamettu	University of Delaware	220	29	63	2539
Lori L. Pollock	University of Delaware	229	33	76	3229
B. David Saunders	University of Delaware	69	16	23	1081
Vijay Shanker	University of Delaware	150	35	72	4424
Jingyi Yu	University of Delaware	107	21	38	1621
David Brooks	Harvard University	177	36	85	9057
Yiling Chen	Harvard University	71	23	37	1731
Krzysztof Gajos	Harvard University	76	26	41	2618
Michael Mitzenmacher	Harvard University	322	63	163	22728
John Morrisett	Harvard University	169	41	69	7612
David Parkes	Harvard University	302	45	132	8757
Margo Seltzer	Harvard University	223	52	118	10262
Stuart Shieber	Harvard University	201	48	91	10423
Salil Vadhan	Harvard University	178	46	100	7665
Jonathan Zittrain	Harvard University	118	22	32	3565
Rinku Dewari	University of Denver	40	12	14	596
Chris GauthierDickey	University of Denver	30	8	7	528
Scott Leutenegger	University of Denver	65	21	28	3223
Kimon Valavanis	University of Denver	404	34	107	5171
Mustafa Bilgic	Illinois Institute of Technology	29	12	13	986
Zhiling Lan	Illinois Institute of Technology	125	23	40	1380
Xiang-Yang Li	Illinois Institute of Technology	412	54	189	11483
Ioan Raicu	Illinois Institute of Technology	181	31	63	6356
Ahmed Helmy	University of Florida	199	48	82	11740
Alin Dobra	University of Florida	64	16	25	2135
Anand Rangarajan	University of Florida	237	36	99	8025
Benjamin C. Lok	University of Florida	148	23	46	1593
Daisy Zhe Wang	University of Florida	87	10	10	927
My T. Thai	University of Florida	159	25	47	2972
Paul Fishwick	University of Florida	349	35	108	5488
Prabhat Mishra	University of Florida	187	24	54	1936
Shigang Chen	University of Florida	3000	37	119	9337
Tamer Kahveci	University of Florida	123	21	33	1406
Amr A. Sabry	Indiana University	62	23	32	2240
Apu Kapadia	Indiana University	90	25	40	2381
Christine Ogan	Indiana University	97	17	30	1997
Filippo Menczer	Indiana University	192	49	111	8052
Jeffrey Bardzell	Indiana University	123	17	31	984
Kris Hauser	Indiana University	77	20	28	1205
L. Jean Camp	Indiana University	217	26	48	2073
Predrag Radivojac	Indiana University	99	34	66	6712
Ryan R. Newton	Indiana University	69	14	19	1559
Maria Hybinette	University of Georgia	38	12	13	1084
Kang Li	University of Georgia	3000	21	64	4066
John A. Miller	University of Georgia	235	47	112	10497
Walter D. Potter	University of Georgia	166	20	41	1515
Thiab Taha	University of Georgia	81	13	15	1310
Pavan Aduri	Iowa State University	67	13	21	495
Samik Basu	Iowa State University	197	20	49	1747
Ying Cai	Iowa State University	198	21	42	2677
Carl K. Chang	Iowa State University	2763	23	66	4774
Vasant Honavar	Iowa State University	444	46	179	9583
Xiaoqiu Huang	Iowa State University	3000	85	753	44249
Jack H. Lutz	Iowa State University	128	29	53	2687
Hridesh Rajan	Iowa State University	119	19	36	1758
Guang Song	Iowa State University	52	19	25	1453
Wallapak Tavanapong	Iowa State University	131	17	33	1398
Wensheng Zhang	Iowa State University	94	28	43	3368
Henri Casanova	University of Hawaii, Manoa	270	45	113	9194
Rich Gazan	University of Hawaii, Manoa	33	9	9	381
Diane M. Nahl	University of Hawaii, Manoa	74	23	36	1628
Scott P. Robertson	University of Hawaii, Manoa	103	22	40	1905
Daniel D. Suthers	University of Hawaii, Manoa	186	32	74	4841
Andrew B. Wertheimer	University of Hawaii, Manoa	61	4	3	62
Yanif Ahmad	Johns Hopkins University	48	12	14	1650
Vladimir Braverman	Johns Hopkins University	36	9	9	256
Randal Burns	Johns Hopkins University	179	34	70	5362
Jason M. Eisner	Johns Hopkins University	132	38	81	8148
Susan Hohenberger Waters	Johns Hopkins University	60	30	42	3936
Scott F. Smith	Johns Hopkins University	115	28	41	4873
Andreas Terzis	Johns Hopkins University	199	38	83	5464
David Yarowsky	Johns Hopkins University	112	39	67	9985
Jim Alves-Foss	University of Idaho, Moscow	145	20	36	1565
Robert Heckendorn	University of Idaho, Moscow	68	18	21	1108
Doina Caragea	Kansas State University	127	21	41	1478
Patrice Chalin	Kansas State University	82	19	35	1246
John Hatcliff	Kansas State University	153	36	66	5078
William H. Hsu	Kansas State University	123	17	29	1172
Xinming (Simon) Ou	Kansas State University	63	17	24	1542
Robby	Kansas State University	58	23	34	3128
Daniel J. Bernstein	University of Illinois, Chicago	185	39	97	5263
Bhaskar DasGupta	University of Illinois, Chicago	124	25	50	1799
Jakob Eriksson	University of Illinois, Chicago	42	17	20	2433
Andrew Johnson	University of Illinois, Chicago	247	34	84	3786
Leilah Lyons	University of Illinois, Chicago	52	7	4	151
V.N. Venkatakrishnan	University of Illinois, Chicago	78	20	27	1642
Ruoming Jin	Kent State University	133	28	53	2459
Jonathan I. Maletic	Kent State University	138	32	70	4673
Octav Chipara	University of Iowa	39	15	17	1235
Ted Herman	University of Iowa	108	24	42	3161
Juan Pablo Hourcade	University of Iowa	96	20	36	1825
Suely Oliveira	University of Iowa	46	13	14	574
Alberto Maria Segre	University of Iowa	150	20	40	2625
Aaron D. Stump	University of Iowa	108	21	40	2089
Cesare Tinelli	University of Iowa	102	30	57	4380
Brian Y. Chen	Lehigh University	32	12	14	596
Brian D. Davison	Lehigh University	147	36	77	4991
Jeff Heflin	Lehigh University	107	24	38	4284
Xiaolei Huang	Lehigh University	118	23	42	2682
Kenneth Leonard Calvert	University of Kentucky	142	27	52	6456
Zongming Fei	University of Kentucky	86	20	27	1764
Judy Goldsmith	University of Kentucky	150	19	42	1744
Nathan Jacobs	University of Kentucky	50	10	11	412
Ruigang Yang	University of Kentucky	3000	38	101	8156
Adrian Peter Lauf	University of Louisville	14	6	1	106
Olfa Nasraoui	University of Louisville	202	33	62	4019
Ming Ouyang	University of Louisville	44	16	27	1003
Eric Rouchka	University of Louisville	85	9	9	1048
Roman V. Yampolskiy	University of Louisville	122	16	39	1030
Gerald Baumgartner	Louisiana State University	87	25	36	1464
Konstantin Busch	Louisiana State University	115	19	29	948
Rajgopal Kannan	Louisiana State University	214	23	45	1889
Seung-Jong Park	Louisiana State University	1717	16	20	1842
Rahul Shah	Louisiana State University	96	21	40	1906
Brygg Ullmer	Louisiana State University	82	27	36	10544
Saman Amarasinghe	MIT	250	54	107	13955
Hari Balakrishnan	MIT	336	99	202	87291
Konstantinos Daskalakis	MIT	83	26	47	2451
Erik Demaine	MIT	654	55	225	11801
Srini Devadas	MIT	527	68	207	17539
Piotr Indyk	MIT	260	58	126	18705
Dina Katabi	MIT	196	49	81	14287
Manolis Kellis	MIT	228	65	119	32321
Charles Leiserson	MIT	296	52	117	57082
Samuel Madden	MIT	304	71	151	30533
Rob Miller	MIT	231	42	80	6914
Li-Shiuan Peh	MIT	176	46	86	10767
Martin Rinard	MIT	343	53	140	11532
Russ Tedrake	MIT	145	27	59	4018
Nickolai Zeldovich	MIT	93	31	48	3757
John Tsitsiklis	MIT	456	70	199	34681
John Anderson	University of Manitoba	139	15	26	744
Stephane Durocher	University of Manitoba	89	13	17	529
James Young	University of Manitoba	63	10	10	374
Ben Bederson	University of Maryland, College Park	275	55	130	14198
Rance Cleaveland	University of Maryland, College Park	212	43	89	7672
Hal Daume III	University of Maryland, College Park	183	32	81	4496
Ramani Duraiswami	University of Maryland, College Park	307	45	113	8275
Howard Elman	University of Maryland, College Park	151	38	67	6530
Lise Getoor	University of Maryland, College Park	342	46	134	11053
Michael Hicks	University of Maryland, College Park	198	36	84	6395
Jeff Hollingsworth	University of Maryland, College Park	180	32	72	5429
Jonathan Katz	University of Maryland, College Park	276	54	123	13838
Atif Memon	University of Maryland, College Park	502	40	129	6867
Dave Mount	University of Maryland, College Park	205	35	87	10266
Dianne O'Leary	University of Maryland, College Park	316	42	115	9672
Mihai Pop	University of Maryland, College Park	96	41	65	21468
Adam Porter	University of Maryland, College Park	138	33	55	4693
A. Udaya Shankar	University of Maryland, College Park	8	2	1	19
Ben Shneiderman	University of Maryland, College Park	998	101	403	63971
Venkatramana (VS) Subrahmanian	University of Maryland, College Park	532	58	196	15228
Alan Sussman	University of Maryland, College Park	208	35	96	4082
Amitabh Varshney	University of Maryland, College Park	141	35	61	6356
Scott Fleming	University of Memphis	39	10	11	285
Timothy William Hnat	University of Memphis	16	6	5	250
Santosh Kumar	University of Memphis	52	24	29	3506
Vinhthuy Phan	University of Memphis	51	9	7	212
Vasile Rus	University of Memphis	230	20	43	2102
Lan Wang	University of Memphis	60	27	43	2610
Mathieu Blanchette	McGill University	133	37	66	7236
Luc P. Devroye	McGill University	492	55	196	18110
Michael Trevor Hallett	McGill University	125	38	69	5703
Wenbo He	McGill University	1136	30	125	5478
Xue Liu	McGill University	1419	33	195	8433
Muthucumaru Maheswaran	McGill University	144	27	47	7218
Prakash Panangaden	McGill University	275	38	94	7114
Brigitte Pientka	McGill University	68	15	23	913
Doina Precup	McGill University	227	31	67	4278
Martin P. Robillard	McGill University	111	31	56	3550
Derek Ruths	McGill University	59	18	25	1007
Kaleem Siddiqi	McGill University	145	40	70	12841
Mohit Singh	McGill University	62	17	20	937
Daniel J. Levitin	McGill University	147	38	65	7116
Dirk Schlimm	McGill University	44	8	6	187
Raja Sengupta	McGill University	68	13	15	503
Renee E. Sieber	McGill University	62	14	18	1291
Dimitris Papamichali	University of Miami	35	8	8	790
Mark Lawford	McMaster University	78	18	28	947
Spencer Smith	McMaster University	88	10	12	300
Arindam Banerjee	University of Minnesota, Minneapolis	143	34	61	7915
Victoria Interrante	University of Minnesota, Minneapolis	163	26	43	2837
George Karypis	University of Minnesota, Minneapolis	414	76	186	44714
Daniel F. Keefe	University of Minnesota, Minneapolis	107	16	25	1032
Yongdae Kim	University of Minnesota, Minneapolis	126	32	58	4374
Joseph A. Konstan	University of Minnesota, Minneapolis	233	63	114	34162
Vipin Kumar	University of Minnesota, Minneapolis	3000	94	669	61971
John Riedl	University of Minnesota, Minneapolis	259	64	138	39260
Stergios I. Roumeliotis	University of Minnesota, Minneapolis	212	44	111	6873
Shashi Shekhar	University of Minnesota, Minneapolis	885	49	140	10041
Jon B. Weissman	University of Minnesota, Minneapolis	152	25	56	1953
Joerg Evermann	Memorial University of Newfoundland	79	16	24	974
Orland Hoeber	Memorial University of Newfoundland	73	12	18	544
Antonina Kolokolova	Memorial University of Newfoundland	32	7	4	116
Theodore Norvell	Memorial University of Newfoundland	51	7	6	230
Jeffrey Parsons	Memorial University of Newfoundland	135	21	33	2237
Dennis Peters	Memorial University of Newfoundland	49	10	10	503
Andrew Vardy	Memorial University of Newfoundland	52	10	11	506
Philip J. Rhodes	University of Mississippi	28	8	6	240
C. Titus Brown	Michigan State University	103	29	34	4522
Betty H.C. Cheng	Michigan State University	932	45	186	9988
Anil K. Jain	Michigan State University	935	149	494	129028
Rong Jin	Michigan State University	478	54	182	10384
Philip K. McKinley	Michigan State University	246	36	90	6611
Charles A. Ofria	Michigan State University	102	25	48	3934
Charles Steinfield	Michigan State University	189	48	90	17784
Yiying Tong	Michigan State University	70	26	33	2184
Michele Becchi	University of Missouri, Columbia	59	15	19	1313
Jianlin Jack Cheng	University of Missouri, Columbia	95	28	50	4547
Dmitry Korkin	University of Missouri, Columbia	50	13	21	957
Dale Musser	University of Missouri, Columbia	38	10	11	434
Yi Shang	University of Missouri, Columbia	3000	44	315	14918
Laura E. Brown	Michigan Technological University	38	11	12	1499
Ali Ebnenasir	Michigan Technological University	66	11	11	424
Nilufer Onder	Michigan Technological University	46	9	9	292
Chaoli Wang	Michigan Technological University	59	18	27	1003
Zhenlin Wang	Michigan Technological University	46	15	19	967
Cory Beaard	University of Missouri, Kansas City	69	12	13	457
Baek-Young Choi	University of Missouri, Kansas City	132	14	22	838
Deendayal Dinakarpandian	University of Missouri, Kansas City	47	10	10	2457
Lein Harn	University of Missouri, Kansas City	187	36	77	4237
Yugyung Lee	University of Missouri, Kansas City	103	17	29	2322
Deep Medhi	University of Missouri, Kansas City	245	25	65	3562
Ken Mitchell	University of Missouri, Kansas City	56	13	17	549
Appie Van de Liefvoort	University of Missouri, Kansas City	72	15	22	593
Valeria Bertacco	University of Michigan	220	28	60	2952
Chandrasekhar Boyapati	University of Michigan	39	13	15	2335
Alfred Hero	University of Michigan	673	54	239	16484
John Laird	University of Michigan	318	46	123	12074
Mingyan Liu	University of Michigan	1138	36	86	8388
Igor Markov	University of Michigan	299	55	127	8924
Trevor Mudge	University of Michigan	544	63	217	19206
Atul Prakash	University of Michigan	189	37	75	4284
Quentin Stout	University of Michigan	207	41	91	5467
Martin Strauss	University of Michigan	7	2	1	23
Michael Wellman	University of Michigan	260	60	149	13947
Thomas Wenisch	University of Michigan	90	28	42	3546
Satish Narayanasamy	University of Michigan	60	22	29	1841
Benjamin Kuipers	University of Michigan	347	56	148	15132
J. Alex Halderman	University of Michigan	51	25	34	3576
Georg Essl	University of Michigan	99	20	37	1615
Sanjukta Bhowmick	University of Nebraska, Omaha	66	9	9	253
Prithviraj Dasgupta	University of Nebraska, Omaha	129	14	23	967
T.J. Jankun-Kelly	Mississippi State University	71	17	22	1020
Nan Niu	Mississippi State University	81	16	23	860
Bryon Williams	Mississippi State University	19	7	5	154
Yoohwan Kim	University of Nevada, Las Vegas	75	19	24	1146
Jan Matt Pedersen	University of Nevada, Las Vegas	33	7	3	127
Sidkazem Taghva	University of Nevada, Las Vegas	106	18	29	1280
Sriram Chellappan	Missouri University of Science and Technology	119	16	24	830
Jennifer Leopold	Missouri University of Science and Technology	71	7	6	248
Donald Wunsch	Missouri University of Science and Technology	426	36	113	10456
Zhaozheng Yin	Missouri University of Science and Technology	99	18	25	915
George Bebis	University of Nevada, Reno	270	38	81	5921
Bobby Bryant	University of Nevada, Reno	31	11	12	867
Sergiu Dascalu	University of Nevada, Reno	175	12	16	472
Mehmet Hadi Gunes	University of Nevada, Reno	76	11	12	523
Frederick C. Harris Jr.	University of Nevada, Reno	239	13	25	1463
Mircea Nicolescu	University of Nevada, Reno	87	19	34	1505
Monica Nicolescu	University of Nevada, Reno	72	14	19	1207
Murat Yuksel	University of Nevada, Reno	107	22	36	1198
Brendan Mumey	Montana State University	71	11	12	503
John Paxton	Montana State University	54	18	27	1350
Qing Yang	Montana State University	338	21	31	1305
Dawn Maclsaac	University of New Brunswick	34	7	4	261
Huajie Zhang	University of New Brunswick	3000	56	510	20654
Yevgeniy Dodis	New York University	144	50	99	9696
Ralph Grishman	New York University	276	50	135	11035
Jinyang Li	New York University	1022	33	202	12961
Kenneth Perlin	New York University	128	32	56	9423
Dennis Shasha	New York University	478	68	162	18034
Lakshminarayanan Subramanian	New York University	133	28	43	4923
Chee Yap	New York University	261	45	115	7647
Wheeler Ruml	University of New Hampshire	128	22	46	3851
Robert Beverly	Naval Postgraduate School	52	16	17	723
Ted Huffmire	Naval Postgraduate School	47	10	12	379
Zachary N. J.  Peterson	Naval Postgraduate School	30	13	14	2326
Alan Shaffer	Naval Postgraduate School	11	4	1	46
Geoffrey Xie	Naval Postgraduate School	105	22	33	2171
Joel Young	Naval Postgraduate School	32	7	6	191
Kevin Raymond Boyce Butler	University of Oregon	73	16	21	893
Dejing Dou	University of Oregon	137	17	32	1511
Sarah Ann Douglas	University of Oregon	75	23	35	2099
Daniel Lowd	University of Oregon	47	14	18	1486
Reza Rejaie	University of Oregon	107	34	51	6902
James Geller	New Jersey Institute of Technology	229	22	73	1837
Cristian M. Borcea	New Jersey Institute of Technology	76	21	29	1608
Reza Curtmola	New Jersey Institute of Technology	62	19	25	3501
Daniel Amyot	University of Ottawa	193	30	91	3205
Gregor V. Bochmann	University of Ottawa	418	42	139	7481
Jochen Lang	University of Ottawa	61	13	15	869
Dimitrios Makrakis	University of Ottawa	215	20	47	1816
Yongyi Mao	University of Ottawa	56	17	20	1278
Lucia Moura	University of Ottawa	32	9	9	273
Nancy Samaan	University of Ottawa	40	10	10	423
Shervin Shirmohammadi	University of Ottawa	275	21	61	2160
Thomas T. Tran	University of Ottawa	73	14	22	701
Marcel Turcotte	University of Ottawa	37	12	12	873
Tuncer Oren	University of Ottawa	249	26	76	2484
Jonathan Cook	New Mexico State University	91	15	18	2470
Yuho Jin	New Mexico State University	14	7	6	208
Satyajayant Misra	New Mexico State University	61	15	18	1788
Enrico Pontelli	New Mexico State University	555	27	126	4047
Cory J. Butz	University of Regina	114	17	29	1198
David Gerhard	University of Regina	51	9	9	430
Daryl H. Hepting	University of Regina	63	9	8	366
Dongwan Shin	New Mexico Institute of Mining and Technology	865	21	51	3004
Patrick G. Bridges	University of New Mexico	113	18	28	1462
Stephanie Forrest	University of New Mexico	253	63	149	24403
Terran Lane	University of New Mexico	147	24	42	2860
Cristopher Moore	University of New Mexico	214	46	110	11099
Melanie Moses	University of New Mexico	75	15	22	883
Jared Saia	University of New Mexico	135	21	35	2079
Darko Stefanovic	University of New Mexico	135	25	41	4246
Lydia Tapia	University of New Mexico	57	11	12	447
Lance R. Williams	University of New Mexico	50	21	29	1580
Edward Stanley Angel	University of New Mexico	130	16	28	2217
Bernard Moret	University of New Mexico	164	39	84	5209
Rick Bunt	University of Saskatchewan	103	19	28	1682
Jim Greer	University of Saskatchewan	169	31	71	3320
Regan Mandryk	University of Saskatchewan	161	26	59	3983
Nathaniel Osgood	University of Saskatchewan	84	14	19	795
Chanchal Roy	University of Saskatchewan	98	19	33	1928
Annie I. Anton	North Carolina State University	172	39	71	5397
Kemafor Anyanwu	North Carolina State University	56	14	15	1355
Kristy Elizabeth Boyer	North Carolina State University	81	13	18	556
Rudra Dutta	North Carolina State University	131	21	40	2472
William Enck	North Carolina State University	56	20	28	4585
Vincent W. Freeh	North Carolina State University	101	29	41	3085
Xiaohui (Helen) Gu	North Carolina State University	515	31	84	4063
Christopher G. Healey	North Carolina State University	99	23	38	2303
Xuxian Jiang	North Carolina State University	3000	43	374	16172
Xiaosong Ma	North Carolina State University	2385	23	53	3400
Peng Ning	North Carolina State University	234	57	113	14418
Injong Rhee	North Carolina State University	166	35	73	8617
Munindar P. Singh	North Carolina State University	602	61	214	17832
Ben Watson	North Carolina State University	124	27	45	3068
Laurie Williams	North Carolina State University	362	46	138	9245
Tao Xie	North Carolina State University	271	44	132	6355
R. Michael Young	North Carolina State University	237	26	57	3005
Ting Yu	North Carolina State University	185	31	52	4072
Jian Chen	University of Southern Mississippi	130	18	30	1211
Amer Dawoud	University of Southern Mississippi	23	7	7	207
Shaoen Wu	University of Southern Mississippi	2405	59	444	18369
Saeed Salem	North Dakota State University	43	13	15	860
Tariq M. King	North Dakota State University	35	7	5	200
Jun Kong	North Dakota State University	52	11	16	495
Changhui Yan	North Dakota State University	61	14	18	900
J. Douglas Birdwell	University of Tennessee, Knoxville	184	19	37	1109
Judy Day	University of Tennessee, Knoxville	15	7	6	496
Jack J. Dongarra	University of Tennessee, Knoxville	2967	114	824	85328
Jian Huang	University of Tennessee, Knoxville	64	19	30	1335
Bruce MacLennan	University of Tennessee, Knoxville	204	23	51	2267
Amal Ahmed	Northeastern University	44	19	25	1075
Albert-Laszlo Barabasi	Northeastern University	399	108	248	133756
Peter J. Desnoyers	Northeastern University	34	14	20	1175
Matthias Felleisen	Northeastern University	289	54	110	11072
Matthew S. Goodwin	Northeastern University	58	18	27	882
David M. Lazer	Northeastern University	195	30	54	7010
Alan E. Mislove	Northeastern University	63	24	33	6367
Rupal Patel	Northeastern University	79	16	22	641
Rajmohan Rajaraman	Northeastern University	122	31	50	5117
William Robertson	Northeastern University	55	23	30	2747
Magy Seif El-Nasr	Northeastern University	145	20	34	1692
Amy Sliva	Northeastern University	56	12	13	365
Emanuele Viola	Northeastern University	78	19	34	1079
Marsette A. Vona	Northeastern University	61	13	14	1467
Thomas Wahl	Northeastern University	56	13	20	528
Alan V. Sahakian	Northwestern University	206	32	63	3262
Bryan A. Pardo	Northwestern University	120	24	47	1692
Doug C. Downey	Northwestern University	39	16	20	3153
Goce Trajcevski	Northwestern University	116	20	26	2413
Gokhan Memik	Northwestern University	177	32	86	3655
Hai Zhou	Northwestern University	3000	37	159	8476
Lance Fortnow	Northwestern University	238	42	91	6958
Nikos Hardavellas	Northwestern University	66	19	24	2081
Robert  Bruce Findler	Northwestern University	137	30	51	3251
Seda Ogrenci Memik	Northwestern University	113	20	45	1557
Yan Chen	Northwestern University	3000	38	450	17537
Ying Wu	Northwestern University	3000	50	182	13069
Roger Mailler	University of Tulsa	46	17	20	1135
Sandip Sen	University of Tulsa	297	37	105	5410
M. Brian Blake	University of Notre Dame	200	25	63	3047
Marina Blanton	University of Notre Dame	79	19	33	1784
Jay Brockman	University of Notre Dame	119	22	37	2386
Nitesh Chawla	University of Notre Dame	249	35	87	8398
Scott Emrich	University of Notre Dame	80	21	32	3681
Patrick J. Flynn	University of Notre Dame	289	47	126	24320
Tijana Milenkovic	University of Notre Dame	31	16	18	1261
Christian Poellabauer	University of Notre Dame	155	18	31	1678
Raul Santelices	University of Notre Dame	40	12	13	742
Aaron Striegel	University of Notre Dame	126	20	41	1230
Richard B Brown	University of Utah	220	31	88	6058
Ganesh Gopalakrishnan	University of Utah	391	33	108	3506
Thomas C. Henderson	University of Utah	92	24	34	2805
Christopher R. Johnson	University of Utah	6	3	0	16
Feifei Li	University of Utah	71	26	34	2904
Miriah Meyer	University of Utah	42	15	19	787
Matthew Might	University of Utah	69	14	21	639
Jeff Phillips	University of Utah	64	18	27	829
Zvonimir Rakamaric	University of Utah	50	13	15	538
John Regehr	University of Utah	68	26	44	2064
William B. Thompson	University of Utah	218	39	84	7134
Suresh Venkatasubramanian	University of Utah	152	32	66	4390
Yair Levy	Nova Southeastern University	100	16	21	1447
Souren Paul	Nova Southeastern University	59	10	11	648
Steven R. Terrell	Nova Southeastern University	62	10	13	598
Ling Wang	Nova Southeastern University	3000	49	482	19321
Bruce Gooch	University of Victoria	130	24	41	4718
Amy Gooch	University of Victoria	65	20	24	2920
Valerie King	University of Victoria	105	25	38	2055
Hausi A. Muller	University of Victoria	252	38	86	6695
Wendy Myrvold	University of Victoria	72	19	31	1169
Dale Olesky	University of Victoria	133	16	25	924
Micaela Serra	University of Victoria	74	14	22	790
George Tzanetakis	University of Victoria	194	33	65	6295
Sue Whitesides	University of Victoria	212	35	79	4142
Kui Wu	University of Victoria	735	35	110	5606
Dae-Kyoo Kim	Oakland University (Michigan)	80	18	25	1354
Guangzhi (Mark) Qu	Oakland University (Michigan)	82	11	12	611
Olga Veksler	University of Western Ontario	65	25	38	9798
Gagan Agrawal	Ohio State University	314	30	100	3760
Anish Arora	Ohio State University	295	40	87	7148
Mikhail Belkin	Ohio State University	87	27	38	12321
Jim Davis	Ohio State University	201	42	77	8035
Eric Fosler-Lussier	Ohio State University	151	28	74	3425
Raghu Machiraju	Ohio State University	238	28	61	2768
Dhabaleswar K.  Pandapanda	Ohio State University	626	48	248	10032
Srinivasan Parthasarathy	Ohio State University	342	49	140	9220
Feng Qin	Ohio State University	28	18	21	1944
Atanas Rountev	Ohio State University	101	29	52	3031
Luis Rademacher	Ohio State University	26	9	9	358
P. Sadayappan	Ohio State University	492	48	180	9177
Han-Wei Shen	Ohio State University	214	34	77	3977
Prasun Sinha	Ohio State University	163	38	65	6950
Christopher Stewart	Ohio State University	51	14	16	792
Radu Teodorescu	Ohio State University	40	12	13	886
DeLiang Wang	Ohio State University	389	52	157	10727
Yusu Wang	Ohio State University	349	25	44	2146
Dong Xuan	Ohio State University	159	33	75	4049
Christine Cheng	University of Wisconsin, Milwaukee	33	10	10	487
Rohit Kate	University of Wisconsin, Milwaukee	28	11	12	869
Ethan Munson	University of Wisconsin, Milwaukee	126	15	28	892
Zeyun Yu	University of Wisconsin, Milwaukee	98	20	33	1351
David Juedes	Ohio University	68	18	29	1918
Jundong Liu	Ohio University	3000	62	556	22654
Thomas A. Bailey	University of Wyoming	6	5	4	188
James L. Caldwell	University of Wyoming	46	9	9	293
Ruben Gamboa	University of Wyoming	65	12	14	906
John Hitchcock	University of Wyoming	58	17	24	770
Liqiang Wang	University of Wyoming	61	13	23	983
Eric Chan-Tin	Oklahoma State University	23	8	8	373
Tingting Chen	Oklahoma State University	36	11	11	353
Anthony Skjellum	University of Alabama, Birmingham	200	24	54	8780
Kenneth Sloan	University of Alabama, Birmingham	88	23	31	4115
Chengcui Zhang	University of Alabama, Birmingham	3000	21	110	7411
Kurt J. Maly	Old Dominion University	369	24	67	2686
Tamer M. Nadeem	Old Dominion University	92	18	25	1932
Michael L. Nelson	Old Dominion University	255	30	76	3733
Stephan Olariu	Old Dominion University	626	45	184	8836
Michele C. Weigle	Old Dominion University	92	22	33	1644
Mengjun Xie	University of Arkansas, Little Rock	36	11	11	391
Kenji Yoshigoe	University of Arkansas, Little Rock	59	8	7	407
Shucheng Yu	University of Arkansas, Little Rock	54	22	31	3419
Peter A. Heeman	Oregon Health and Science University	108	23	43	2182
Alexander Kain	Oregon Health and Science University	66	16	17	1570
Misha Pavel	Oregon Health and Science University	259	35	83	4233
Brian E. Roark	Oregon Health and Science University	143	26	59	3284
Izhak Shafran	Oregon Health and Science University	75	18	32	1100
Zhengping Wu	University of Bridgeport	934	23	52	2289
Miad Faezipour	University of Bridgeport	98	11	13	472
Jeongkyu Lee	University of Bridgeport	2512	28	696	16777
Glencora Borradaile	Oregon State University	44	11	13	450
Margaret Burnett	Oregon State University	280	41	121	5834
Bechir Hamdaoui	Oregon State University	115	14	18	925
Ronald A. Metoyer	Oregon State University	61	13	17	765
Sinisa Todorovic	Oregon State University	101	26	46	2116
Eugene Zhang	Oregon State University	108	20	28	1853
Charles E. Hughes	University of Central Florida	206	19	40	1684
Cliff C. Zou	University of Central Florida	87	22	36	4354
Gary T. Leavens	University of Central Florida	290	46	98	8874
Joseph J. LaViola	University of Central Florida	201	29	70	5174
Kenneth O. Stanley	University of Central Florida	185	40	76	6991
Ladislau Boloni	University of Central Florida	183	20	39	3301
Mubarak Shah	University of Central Florida	506	81	256	30215
Sung-Hyuk Cha	Pace University	137	23	40	2844
Francis T. Marchese	Pace University	91	14	18	580
Guohong Cao	Pennsylvania State University	350	59	159	14091
Vijaykrishnan Narayanan	Pennsylvania State University	237	60	134	11231
Padma Raghavan	Pennsylvania State University	319	21	49	1814
Anand Sivasubramaniam	Pennsylvania State University	296	51	128	8223
Bhuvan Urgaonkar	Pennsylvania State University	80	31	40	4265
Yuan Xie	Pennsylvania State University	3000	49	343	14270
Sencun Zhu	Pennsylvania State University	637	36	79	7243
Kamesh Madduri	Pennsylvania State University	87	21	27	1612
Zhigang Deng	University of Houston	94	22	43	2073
Shou-Hsuan Stephen Huang	University of Houston	100	13	18	572
Ioannis Kakadiaris	University of Houston	339	32	110	4893
Carlos Ordonez	University of Houston	125	24	41	2111
Shishir Shah	University of Houston	160	19	38	1381
Nikolaos V Tsekos	University of Houston	113	19	32	3098
Ricardo Vilalta	University of Houston	112	18	31	1815
Rong Zheng	University of Houston	118	24	51	2371
Sangyeun Cho	University of Pittsburgh	110	18	34	1582
Robert Daley	University of Pittsburgh	13	6	5	154
Milos Hauskrecht	University of Pittsburgh	153	22	39	2079
Rebecca Hwa	University of Pittsburgh	67	21	29	1898
Rami Melhem	University of Pittsburgh	401	50	162	8998
Daniel Mosse	University of Pittsburgh	280	43	117	6774
Jingtao Wang	University of Pittsburgh	426	18	82	2559
Youtao Zhang	University of Pittsburgh	1	1	1	13
Arvin Agah	University of Kansas, Lawrence	173	19	38	1478
Perry Alexander	University of Kansas, Lawrence	147	15	25	842
Joseph Evans	University of Kansas, Lawrence	209	23	52	2233
Jun Huan	University of Kansas, Lawrence	138	19	29	2009
Prasad Kulkarni	University of Kansas, Lawrence	34	12	12	563
Fengjun Li	University of Kansas, Lawrence	18	8	8	422
Bo Luo	University of Kansas, Lawrence	52	13	19	776
Jeffrey S. Vitter	University of Kansas, Lawrence	386	68	192	20994
Juliana Freire	Polytechnic Institute of NYU	241	43	99	7478
John Iacono	Polytechnic Institute of NYU	103	21	33	1148
Miao Jin	University of Louisiana, Lafayette	113	19	36	1331
Vijay V. Raghavan	University of Louisiana, Lafayette	306	32	88	5993
Nian-Feng Tzeng	University of Louisiana, Lafayette	162	24	50	2262
Hongyi Wu	University of Louisiana, Lafayette	327	41	115	6212
Nirupama Bulusu	Portland State University	89	23	35	7024
Feng Liu	Portland State University	64	17	24	1520
David Maier	Portland State University	332	58	155	19330
Tom Shrimpton	Portland State University	43	19	21	1849
Suresh Singh	Portland State University	3000	31	49	11500
Fei Xie	Portland State University	63	13	20	539
Tulay Adali	University of Maryland, Baltimore County	459	45	135	8965
Marie desJardins	University of Maryland, Baltimore County	122	20	34	1728
Tim Finin	University of Maryland, Baltimore County	565	85	262	31445
Anupam Joshi	University of Maryland, Baltimore County	479	70	209	17251
Marc Olano	University of Maryland, Baltimore County	70	19	24	2187
Alan T. Sherman	University of Maryland, Baltimore County	85	22	32	2488
Andrew Appel	Princeton University	168	48	102	11617
Sanjeev Arora	Princeton University	139	46	70	12222
David August	Princeton University	155	34	77	4839
David Blei	Princeton University	218	52	101	29956
Bernard Chazelle	Princeton University	275	65	148	16582
Edward Felten	Princeton University	204	54	101	10750
Rebecca Fiebrink	Princeton University	62	14	15	569
Thomas Funkhouser	Princeton University	147	55	88	13994
Kai Li	Princeton University	3000	73	252	27733
Margaret Martonosi	Princeton University	281	58	148	17923
Olga Troyanskaya	Princeton University	129	44	69	11212
David Walker	Princeton University	143	41	72	6641
Yoshua Bengio	University of Montreal	519	68	233	28746
Gilles Brassard	University of Montreal	178	56	110	36444
Miklos Csuros	University of Montreal	51	18	30	2006
Bruno Dufour	University of Montreal	25	10	10	520
Bernard Gendron	University of Montreal	99	23	40	2296
Pierre Poulin	University of Montreal	104	25	40	2652
Pascal Vincent	University of Montreal	66	28	40	6167
Daniel Aliaga	Purdue University	145	26	45	2419
Saugata Basu	Purdue University	127	21	36	2880
Chris Clifton	Purdue University	150	41	72	8583
Ananth Grama	Purdue University	241	36	69	8184
Tony Hosking	Purdue University	82	24	44	3049
Charles Killian	Purdue University	36	12	14	1187
Ramana Kompella	Purdue University	89	24	34	1990
Ninghui Li	Purdue University	177	51	95	10031
Jennifer Neville	Purdue University	137	26	57	3669
Cristina Nita-Rotaru	Purdue University	175	26	49	3223
Sunil Prabhakar	Purdue University	163	34	67	5519
Yuan Qi	Purdue University	86	11	11	698
Luo Si	Purdue University	173	31	65	3495
Eugene Spafford	Purdue University	317	48	102	12959
Olga Vitek	Purdue University	69	24	37	2471
Carrick Detweiler	University of Nebraska, Lincoln	62	16	21	653
Sebastian Elbaum	University of Nebraska, Lincoln	186	33	72	5262
Hong Jiang	University of Nebraska, Lincoln	516	39	165	6329
Byrav Ramamurthy	University of Nebraska, Lincoln	267	35	99	5908
Peter Z. Revesz	University of Nebraska, Lincoln	187	26	44	3102
Gregg Rothermel	University of Nebraska, Lincoln	189	60	120	13290
Anita Sarma	University of Nebraska, Lincoln	79	17	27	1187
Leen-Kiat Soh	University of Nebraska, Lincoln	245	23	55	2242
Witawas Srisa-an	University of Nebraska, Lincoln	74	13	21	477
Lisong Xu	University of Nebraska, Lincoln	63	20	26	3827
Ziguo Zhong	University of Nebraska, Lincoln	47	13	14	842
Patrick Martin	Queens University	193	24	51	1922
James R. Cordy	Queens University	251	38	101	5728
Ying Zou	Queens University	198	25	56	1968
Song Fu	University of North Texas, Denton	87	16	25	761
Mahadevan Gomathisankaran	University of North Texas, Denton	48	7	3	128
Yan Huang	University of North Texas, Denton	92	19	30	2304
Krishna Kavi	University of North Texas, Denton	208	20	39	1967
Armin R. Mikler	University of North Texas, Denton	98	17	23	967
Saraju P. Mohanty	University of North Texas, Denton	247	25	58	2280
JungHwan Oh	University of North Texas, Denton	151	18	29	1117
Costas Tsatsoulis	University of North Texas, Denton	128	19	39	1604
Sibel Adali	Rensselaer Polytechnic Institute	106	17	24	1687
Elliot Anshelevich	Rensselaer Polytechnic Institute	51	13	18	1325
Christopher D. Carothers	Rensselaer Polytechnic Institute	120	21	36	1536
Sanmay Das	Rensselaer Polytechnic Institute	64	11	12	788
Petros Drineas	Rensselaer Polytechnic Institute	126	34	63	4611
Ana Milanova	Rensselaer Polytechnic Institute	42	14	21	1241
Jeff Trinkle	Rensselaer Polytechnic Institute	192	30	62	3576
John K. Antonio	University of Oklahoma	107	15	21	926
Qi Cheng	University of Oklahoma	51	13	16	908
Dean F. Hougen	University of Oklahoma	92	18	24	1064
Amy McGovern	University of Oklahoma	77	15	18	945
Sridhar Radhakrishnan	University of Oklahoma	135	15	23	1212
Luay Nakhleh	Rice University	103	29	49	2534
Devika Subramanian	Rice University	123	24	38	2717
Max Alekseyev	University of South Carolina	46	14	17	1121
Jianjun Hu	University of South Carolina	2953	39	300	11533
Chin-Tser Huang	University of South Carolina	671	38	115	8361
Srihari Nelakuditi	University of South Carolina	92	26	40	2384
Jason O'Kane	University of South Carolina	45	12	12	390
Jijun Tang	University of South Carolina	88	16	26	972
Homayoun Valafar	University of South Carolina	59	15	19	1087
Marco Valtorta	University of South Carolina	81	14	27	986
Jose M. Vidal	University of South Carolina	129	23	43	1944
James Allen	University of Rochester	391	61	159	31339
Jeffrey Bigham	University of Rochester	166	25	45	2546
Engin Ipek	University of Rochester	55	16	18	2506
Robert Jacobs	University of Rochester	133	31	52	11924
T. Florian Jaeger	University of Rochester	126	25	48	3332
Chris Pal	University of Rochester	84	19	28	1955
Michael Scott	University of Rochester	239	51	133	10885
Kenneth Christensen	University of South Florida	128	22	37	2195
Adriana Iamnitchi	University of South Florida	99	28	38	6054
Rangachar Kasturi	University of South Florida	247	39	93	8857
MiguelA. Labrador	University of South Florida	185	26	52	2046
Jay Ligatti	University of South Florida	44	16	19	2074
Luther Palmer	University of South Florida	29	9	9	339
Xiaoning Qian	University of South Florida	98	12	19	531
Nagarajan Ranganathan	University of South Florida	393	30	117	3993
Sudeep Sarkar	University of South Florida	256	37	101	7267
Yu Sun	University of South Florida	67	11	16	410
Hao Zheng	University of South Florida	146	18	22	932
Xumin Liu	Rochester Institute of Technology	61	10	10	532
Minseok Kwon	Rochester Institute of Technology	49	15	16	899
Christopher M. Homan	Rochester Institute of Technology	47	10	10	356
Matthew Fluet	Rochester Institute of Technology	58	16	20	678
Fahiem Bacchus	University of Toronto	176	43	80	7416
Ravin Balakrishnan	University of Toronto	207	61	122	10938
Craig Boutilier	University of Toronto	291	57	154	15067
Michael Brudno	University of Toronto	85	36	54	9877
Marsha Chechik	University of Toronto	213	31	88	3443
Christina C. Christara	University of Toronto	55	12	16	448
Eyal de Lara	University of Toronto	95	31	53	3792
Angela Demke Brown	University of Toronto	106	16	18	998
Azadeh Farzan	University of Toronto	37	15	18	737
David J. Fleet	University of Toronto	117	52	92	16543
Aaron Hertzmann	University of Toronto	115	43	61	10701
Graeme Hirst	University of Toronto	231	41	96	9148
Michael Molloy	University of Toronto	93	27	49	4672
Bianca Schroeder	University of Toronto	80	23	29	3840
Khai N. Truong	University of Toronto	125	31	61	2693
Vinod Vaikuntanathan	University of Toronto	99	36	56	5876
Eric Allender	Rutgers University	137	35	72	3481
Abhishek Bhattacharjee	Rutgers University	24	11	12	465
Alex Borgida	Rutgers University	216	52	103	11046
Tina Eliassi-Rad	Rutgers University	114	21	34	1720
Vinod Ganapathy	Rutgers University	49	20	27	1302
Liviu Iftode	Rutgers University	259	48	97	7106
Amelie Marian	Rutgers University	46	18	20	2754
L. Thorne McCarty	Rutgers University	58	21	32	1818
Dimitris Metaxas	Rutgers University	670	67	267	19661
Thu D. Nguyen	Rutgers University	117	27	49	3082
Michael Pazzani	Rutgers University	219	60	119	23122
Matthew Stone	Rutgers University	145	30	52	3486
Nicholas S. Flann	Utah State University	88	20	33	1457
Xiaojun Qi	Utah State University	92	13	18	740
Jeong-Hyon Hwang	State University of New York, Albany	38	13	15	2035
Siwei Lyu	State University of New York, Albany	65	18	26	2602
Julie A. Adams	Vanderbilt University	157	24	44	1831
Gautam Biswas	Vanderbilt University	575	40	192	7748
Yuan Xue	Vanderbilt University	380	26	78	3433
Kanad Ghose	State University of New York, Binghamton	183	25	59	2835
Kartik Gopalan	State University of New York, Binghamton	102	22	39	2974
Kyoung-Don Kang	State University of New York, Binghamton	81	18	30	1309
Michael J. Lewis	State University of New York, Binghamton	3	1	0	4
David Liu	State University of New York, Binghamton	45	13	17	555
Weiyi Meng	State University of New York, Binghamton	155	40	76	6215
Ping Yang	State University of New York, Binghamton	34	10	11	443
Lijun Yin	State University of New York, Binghamton	273	22	39	2339
Yu David Liu	State University of New York, Binghamton	45	13	17	555
Zhongfei  Zhang	State University of New York, Binghamton	646	36	115	5497
Ting Zhu	State University of New York, Binghamton	78	20	30	2019
Preetam Ghosh	Virginia Commonwealth University	125	14	21	738
Kayvan Najarian	Virginia Commonwealth University	170	14	24	921
Aidong Zhang	State University of New York, Buffalo	3000	36	259	11606
Jan Chomicki	State University of New York, Buffalo	155	41	70	6497
Jason J. Corso	State University of New York, Buffalo	162	24	38	1954
Murat Demirbas	State University of New York, Buffalo	144	25	44	3110
Steven Ko	State University of New York, Buffalo	40	16	18	846
Tevfik Kosar	State University of New York, Buffalo	116	19	28	1199
Dimitrios Koutsonikolas	State University of New York, Buffalo	57	16	21	1126
Russ Miller	State University of New York, Buffalo	71	13	17	497
Hung Ngo	State University of New York, Buffalo	136	20	34	1389
Chunming Qiao	State University of New York, Buffalo	597	64	214	18597
William J. Rapaport	State University of New York, Buffalo	165	28	54	2470
Atri Rudra	State University of New York, Buffalo	119	19	29	1448
Ramalingam Sridar	State University of New York, Buffalo	159	17	32	1129
Godmar Back	Virginia Tech	51	18	22	1759
Doug A. Bowman	Virginia Tech	243	38	100	7525
Yong Cao	Virginia Tech	695	19	43	1797
Ed Fox	Virginia Tech	789	55	197	13858
Denis Gracanin	Virginia Tech	204	19	41	1400
Lenwood S Heath	Virginia Tech	167	28	54	4339
Wenjing Lou	Virginia Tech	208	53	104	13106
Chang-Tien Lu	Virginia Tech	276	24	50	2537
T. M. Murali	Virginia Tech	75	24	31	2628
Francis Quek	Virginia Tech	262	29	73	5842
Naren Ramakrishnan	Virginia Tech	383	32	92	3562
Adrian Sandu	Virginia Tech	327	34	80	4175
Cliff Shaffer	Virginia Tech	205	28	68	2788
Danfeng Yao	Virginia Tech	124	19	40	1098
Michael Bender	State University of New York, Stony Brook	161	35	72	4348
Yejin Choi	State University of New York, Stony Brook	58	21	29	2347
Jie Gao	State University of New York, Stony Brook	134	31	53	4660
Himanshu Gupta	State University of New York, Stony Brook	64	28	36	4876
Klaus Mueller	State University of New York, Stony Brook	355	40	104	6256
Hong Qin	State University of New York, Stony Brook	328	36	102	4264
Dimitris Samaras	State University of New York, Stony Brook	124	32	53	3218
R. Sekar	State University of New York, Stony Brook	132	38	68	5821
Radu Sion	State University of New York, Stony Brook	146	28	46	2768
Scott Smolka	State University of New York, Stony Brook	275	44	103	7253
Richard Anderson	University of Washington	218	37	75	4201
Tom Anderson	University of Washington	352	85	177	35352
Paul Beame	University of Washington	112	36	72	4626
Brian Curless	University of Washington	106	45	64	17157
Oren Etzioni	University of Washington	248	75	143	24151
Steve Gribble	University of Washington	140	51	81	15549
Richard Ladner	University of Washington	278	44	114	11124
James Landay	University of Washington	250	62	131	15959
Ed Lazowska	University of Washington	166	51	87	11978
Shwetak Patel	University of Washington	144	31	60	3367
Anup Rao	University of Washington	46	18	22	1038
Rajesh Rao	University of Washington	243	46	101	9512
Steven Seitz	University of Washington	173	52	92	16966
David Wetherall	University of Washington	206	67	124	20560
Ahmed Amer	Santa Clara University	77	13	18	702
Joanne Holliday	Santa Clara University	70	15	18	980
Diane J. Cook	Washington State University, Pullman	507	48	193	11007
Ananth Kalyanaraman	Washington State University, Pullman	76	15	16	3615
Min Sik Kim	Washington State University, Pullman	3000	60	676	25246
Alexandra Fedorova	Simon Fraser University	104	28	42	2884
Mohammed Hefeeda	Simon Fraser University	153	23	55	3014
Greg Mori	Simon Fraser University	117	30	49	6454
Jian Pei	Simon Fraser University	315	66	173	54312
Anoop Sarkar	Simon Fraser University	155	23	45	2294
Arrvindh Shriraman	Simon Fraser University	43	13	19	713
Tamara Smyth	Simon Fraser University	49	7	3	151
Richard Hao Zhang	Simon Fraser University	3000	34	57	4787
Yixin Chen	Washington University, St. Louis	3000	29	511	14912
Patrick Crowley	Washington University, St. Louis	103	25	37	3085
Viktor Gruev	Washington University, St. Louis	112	16	26	1013
Tao Ju	Washington University, St. Louis	114	27	52	3179
Chenyang Lu	Washington University, St. Louis	412	52	151	14128
Robert Pless	Washington University, St. Louis	148	31	63	4817
Bill Smart	Washington University, St. Louis	130	19	31	1645
Jernej Barbic	University of Southern California	38	14	15	1179
Laurent Itti	University of Southern California	264	53	122	22990
Sven Koenig	University of Southern California	268	47	114	7934
Maja Mataric	University of Southern California	525	76	234	23648
Paul Rosenbloom	University of Southern California	225	41	83	11098
Fei Sha	University of Southern California	106	29	43	4655
Gaurav Sukhatme	University of Southern California	567	71	251	18588
Jelena Mirkovic	University of Southern California	82	23	36	3814
Joanne M. Atlee	University of Waterloo	90	18	27	3545
Therese Biedl	University of Waterloo	191	23	55	1893
Charles L. A. Clarke	University of Waterloo	190	40	91	5720
Nancy Day	University of Waterloo	81	13	21	574
Michael W. Godfrey	University of Waterloo	201	30	66	3554
Urs Hengartner	University of Waterloo	78	24	37	1927
Jesse Hoey	University of Waterloo	150	25	46	2918
Reid Holmes	University of Waterloo	95	18	35	1313
George Labahn	University of Waterloo	151	25	54	2990
Ming Li	University of Waterloo	3000	70	349	34651
Alejandro Lopez-Ortiz	University of Waterloo	213	25	46	2446
Anna Lubiw	University of Waterloo	118	28	60	2509
Stephen Mann	University of Waterloo	107	23	34	2110
Naomi Nishimura	University of Waterloo	4	2	2	113
Jeffery John Orchard	University of Waterloo	67	15	17	648
M. Tamer Ozsu	University of Waterloo	338	50	134	12198
Pascal Poupart	University of Waterloo	116	26	42	2883
Kenneth Salem	University of Waterloo	103	28	42	5112
Douglas Robert Stinson	University of Waterloo	458	59	219	17536
David Toman	University of Waterloo	122	24	36	2378
Peter Van Beek	University of Waterloo	76	30	44	5560
John Watrous	University of Waterloo	54	31	44	3926
Shahram Rahimi	Southern Illinois University, Carbondale	156	13	20	651
Hamidreza Chitsaz	Wayne State University	48	12	14	797
Daniel Grosu	Wayne State University	128	19	34	1482
Andrian Marcus	Wayne State University	120	37	71	5467
Loren Schwiebert	Wayne State University	93	28	43	3363
Hongwei Zhang	Wayne State University	3000	19	30	2656
Joseph Camp	Southern Methodist University	48	9	9	905
Ping Gui	Southern Methodist University	80	9	9	268
Mitchell A. Thornton	Southern Methodist University	199	16	40	1365
Alex Aiken	Stanford University	225	58	131	14020
Serafim Batzoglou	Stanford University	120	47	70	39685
Dan Boneh	Stanford University	328	86	188	44511
Bill Dally	Stanford University	527	79	223	33475
David Dill	Stanford University	294	68	159	29587
Hector Garcia-Molina	Stanford University	718	124	379	66493
Jeff Heer	Stanford University	139	40	73	7196
John Hennessy	Stanford University	293	65	134	34146
Mark Horowitz	Stanford University	600	101	320	35336
Sachin Katti	Stanford University	103	30	49	9167
Scott Klemmer	Stanford University	147	33	61	4382
Daphne Koller	Stanford University	435	106	251	45077
Christos Kozyrakis	Stanford University	197	54	111	10844
Jure Leskovec	Stanford University	195	56	102	18650
Philip Levis	Stanford University	163	50	87	16573
Marc Levoy	Stanford University	155	56	87	30552
Fei-Fei Li	Stanford University	191	49	83	18021
Chris Manning	Stanford University	347	79	197	44221
Nick McKeown	Stanford University	259	71	159	24543
John Ousterhout	Stanford University	160	51	87	19463
Tim Roughgarden	Stanford University	240	44	90	10733
Jennifer Widom	Stanford University	315	91	196	42626
Emmanuel Agu	Worcester Polytechnic Institute	92	9	7	755
David C. Brown	Worcester Polytechnic Institute	181	26	62	3901
Sonia Chernova	Worcester Polytechnic Institute	88	18	23	1861
Mark Claypool	Worcester Polytechnic Institute	201	32	69	5260
George T. Heineman	Worcester Polytechnic Institute	93	21	28	2620
Robert W. Lindeman	Worcester Polytechnic Institute	95	19	32	1370
Craig A. Shue	Worcester Polytechnic Institute	51	10	10	257
George Kamberov	Stevens Institute of Technology	107	12	19	567
Philippos Mordohai	Stevens Institute of Technology	55	19	24	1983
Vivek Pathak	Stevens Institute of Technology	14	4	3	120
Wendy Wang	Stevens Institute of Technology	49	13	16	691
Keke Chen	Wright State University	3000	31	138	6546
Travis Doom	Wright State University	81	12	13	520
Meilin Liu	Wright State University	494	76	228	17849
Michael Raymer	Wright State University	126	19	31	1866
Jian Tang	Syracuse University	87	27	44	3018
Heng Yin	Syracuse University	51	18	23	2677
Daniel Abadi	Yale University	79	31	36	10485
James Aspnes	Yale University	121	29	55	4901
Bryan Ford	Yale University	127	31	47	4213
Brian Scassellati	Yale University	178	36	67	5842
Zhong Shao	Yale University	120	33	50	2747
Daniel Spielman	Yale University	135	44	70	9882
Shan Lin	Temple University	56	12	13	1610
Haibin Ling	Temple University	159	30	56	5135
Zoran Obradovic	Temple University	317	48	110	15486
Slobodan Vucetic	Temple University	123	24	47	3929
Jie Wu	Temple University	3000	73	296	21286
Melanie Baljko	York University	42	7	4	168
Jeff Edmonds	York University	64	19	27	1892
James Elder	York University	133	23	34	3214
Jarek Gryz	York University	67	17	27	2140
Yves Lesperance	York University	147	26	47	3791
Eric Ruppert	York University	38	18	22	1037
Natalija Vlajic	York University	55	13	14	567
Richard Wildes	York University	81	27	43	5508
Nancy Amato	Texas A&M	360	44	117	6704
Riccardo Bettati	Texas A&M	137	28	51	2576
James Caverlee	Texas A&M	118	24	44	2545
Jinxiang Chai	Texas A&M	52	27	32	3610
Jianer Chen	Texas A&M	270	41	112	5643
Yoonsuck Choe	Texas A&M	179	16	32	1181
Richard Furuta	Texas A&M	234	32	63	3971
Guofei Gu	Texas A&M	210	31	73	5559
Ricardo Gutierrez Osuna	Texas A&M	199	25	55	3910
Thomas R. Ioerger	Texas A&M	170	33	73	7375
Andruid Kerne	Texas A&M	115	19	34	972
John Keyser	Texas A&M	120	23	38	2281
Eun Jung Kim	Texas A&M	3000	49	484	17773
Jyh-Charn (Steve) Liu	Texas A&M	3000	32	430	13815
Dmitri Loguinov	Texas A&M	113	35	57	3136
Lawrence Rauchwerger	Texas A&M	168	30	57	3446
Vivek Sarin	Texas A&M	79	12	17	615
Scott Schaefer	Texas A&M	84	25	40	3037
Dylan Shell	Texas A&M	83	14	15	582
Frank Shipman	Texas A&M	231	40	91	5280
Dezhen Song	Texas A&M	117	17	38	1165
Radu Stoleru	Texas A&M	101	21	31	3451
Sing-Hoi Sze	Texas A&M	52	21	28	2394
Jennifer Welch	Texas A&M	183	29	64	4868